strategy,cagr,volatility,sharpe,sortino,max_drawdown,total_friction,friction_drag_pct,avg_turnover,n_rebalances,final_nav
hrp_optimized,0.1900988754581585,0.17710301276437626,0.7910586797557799,0.9646895124005281,-0.3284519226099612,180234.67597587575,0.18023467597587575,0.18533807565677232,27,3221706.8725087764
buy_and_hold,0.2216177463176221,0.1807295795442001,0.9495830552499595,1.1791112283080667,-0.32942750810073396,142499.06729951952,0.14249906729951953,0.1029631403740556,27,3840596.021578665
equal_weight,0.21587395449910085,0.18026259919198057,0.9201795338723829,1.1407462589542157,-0.32950302025450817,176727.14237100416,0.17672714237100415,0.04955528144401457,79,3720829.1921565603
inverse_vol,0.19665906033411384,0.17702790341300786,0.8284516593520108,1.01665524933774,-0.33169419768094016,298077.9778141644,0.2980779778141644,0.11002757230224257,79,3342986.1691231434
hrp,0.18378780224262115,0.1780577849650871,0.7513729448496385,0.9173163657806678,-0.32925458074031827,209349.03119446855,0.20934903119446854,0.0934596399712156,79,3108588.0603449848
