initial_capital,final_nav,gross_nav,gross_return,net_return,gross_cagr,net_cagr,slippage_drag,cost_drag,tax_drag,total_friction,friction_as_pct_of_capital,friction_cagr_drag,n_days,years
1000000.0,3221706.8855696856,3386060.04081368,2.3860600408136796,2.2217068855696858,0.19894028216953807,0.19009887617588261,9908.706462346909,28015.70893510554,142310.36677844427,180234.78217589672,0.18023478217589672,0.00884140599365546,1694,6.722222222222222
