strategy,cagr,volatility,sharpe,sortino,max_drawdown,total_friction,friction_drag_pct,avg_turnover,n_rebalances,final_nav
hrp_optimized,0.19009887617588261,0.17710302466579153,0.7910586306488052,0.9646891092894745,-0.3284519672793923,180234.78217589672,0.18023478217589672,0.1853379482946997,27,3221706.8855696856
buy_and_hold,0.22161773702137544,0.18072959852112364,0.9495829041047574,1.1791106943995764,-0.32942754000218966,142499.0582743099,0.14249905827430992,0.10296314626751134,27,3840595.8251142986
equal_weight,0.21587395410427845,0.1802626106202389,0.9201794733447349,1.1407458515251085,-0.3295030287457875,176727.1502958311,0.17672715029583108,0.04955528219848415,79,3720829.184034508
inverse_vol,0.19665903959505138,0.1770279288898857,0.8284514229744829,1.0166546459395123,-0.3316941426446076,298078.19086560485,0.29807819086560483,0.11002770769674289,79,3342985.7796602277
hrp,0.18378780290449148,0.17805779646828346,0.7513729000253153,0.9173160330423014,-0.32925459613314656,209349.13376685948,0.20934913376685949,0.09345965224948574,79,3108588.072028544
