initial_capital,final_nav,gross_nav,gross_return,net_return,gross_cagr,net_cagr,slippage_drag,cost_drag,tax_drag,total_friction,friction_as_pct_of_capital,friction_cagr_drag,n_days,years
1000000.0,1217093.1670274583,1240949.6809341805,0.24094968093418045,0.2170931670274583,0.11210202460805752,0.10152743864073455,4017.271269380859,8953.339458820677,15875.120515270977,28845.731243472514,0.028845731243472512,0.01057458596732297,512,2.0317460317460316
