strategy,cagr,volatility,sharpe,sortino,max_drawdown,total_friction,friction_drag_pct,avg_turnover,n_rebalances,final_nav
hrp_optimized,0.1900988840628186,0.17710305348401237,0.7910585464607236,0.9646889285469771,-0.32845206878128724,180234.67699706144,0.18023467699706144,0.18533795349579718,27,3221707.0290935654
buy_and_hold,0.22161775723470512,0.18072962637355566,0.9495828696064643,1.179110510841606,-0.3294275980287289,142499.1002130805,0.1424991002130805,0.10296314960857585,27,3840596.252297356
equal_weight,0.2158739691671967,0.18026263951182833,0.9201794094239507,1.1407456750770175,-0.3295030931985064,176727.2256864038,0.1767272256864038,0.04955529097133575,79,3720829.4938999717
inverse_vol,0.1966590453432513,0.17702795715929082,0.8284513231505384,1.0166545038979882,-0.33169428362624453,298077.6772505778,0.29807767725057777,0.11002745060102374,79,3342985.887606796
hrp,0.18378780935955108,0.1780578239787633,0.751372820188501,0.9173158582504892,-0.3292547396387013,209348.96515017614,0.20934896515017615,0.09345958091676243,79,3108588.1859754245
