initial_capital,final_nav,gross_nav,gross_return,net_return,gross_cagr,net_cagr,slippage_drag,cost_drag,tax_drag,total_friction,friction_as_pct_of_capital,friction_cagr_drag,n_days,years
1000000.0,3221706.8725087764,3386059.9980017017,2.3860599980017017,2.2217068725087765,0.1989402799144926,0.1900988754581585,9908.712425027436,28015.722347692994,142310.2412031553,180234.67597587575,0.18023467597587575,0.008841404456334079,1694,6.722222222222222
