metric,Portfolio,SPY
CAGR,0.004844983459082242,0.20331269764262783
Ann. Volatility,0.08846248711929461,0.12854925822953506
Sharpe Ratio,-0.4654282092855173,1.3287908113031954
Sortino Ratio,-1.1970063141196383,2.014254694144168
Max Drawdown,-0.020448188149859558,-0.04491978895190221
Correlation,0.2998907978431353,0.2998907978431353
Tracking Error,0.13240066014132068,0.13240066014132068
Information Ratio,-1.4411502715995865,-1.4411502715995865
