metric,Portfolio,SPY
CAGR,0.2554920102886584,0.2165441561057999
Ann. Volatility,0.21262921094358184,0.20957313228829258
Sharpe Ratio,1.104651358196395,0.9263477364721342
Sortino Ratio,1.4102052482293455,1.1602465926924679
Max Drawdown,-0.3000356235103066,-0.2996941629379044
Correlation,0.9386512823794844,0.9386512823794844
Tracking Error,0.07400611728986389,0.07400611728986389
Information Ratio,0.4358238575133745,0.4358238575133745
