metric,Portfolio,SPY
CAGR,0.25549202007068383,0.21654417976817042
Ann. Volatility,0.21262925159303972,0.2095732856989657
Sharpe Ratio,1.1046512463743754,0.9263473648967212
Sortino Ratio,1.4102054466318412,1.1602464388535956
Max Drawdown,-0.3000355187416156,-0.2996939725587195
Correlation,0.9386512519465483,0.9386512519465483
Tracking Error,0.07400616506071063,0.07400616506071063
Information Ratio,0.4358231002913365,0.4358231002913365
