metric,Portfolio,SPY
CAGR,0.255492013510789,0.2165441561057999
Ann. Volatility,0.2126292029122454,0.2095732178597341
Sharpe Ratio,1.104651405948014,0.9263474644631355
Sortino Ratio,1.410206179887211,1.1602465187849766
Max Drawdown,-0.3000356918325765,-0.29969423205748513
Correlation,0.938651349735931,0.938651349735931
Tracking Error,0.07400608655496718,0.07400608655496718
Information Ratio,0.43582380999727677,0.43582380999727677
