metric,Portfolio,SPY
CAGR,1.4495094037683214,0.20331187518984462
Ann. Volatility,0.2533105680357619,0.12854910805144731
Sharpe Ratio,6.148809317613418,1.3287854666083176
Sortino Ratio,6.660311602100043,2.014250961634341
Max Drawdown,-0.053101695289844084,-0.04491987473929391
Correlation,0.31504691544824076,0.31504691544824076
Tracking Error,0.24530280814171462,0.24530280814171462
Information Ratio,3.1008293194323606,3.1008293194323606
