metric,Portfolio,SPY
CAGR,0.25549203946079824,0.21654417976817042
Ann. Volatility,0.21262928347520293,0.20957321898646247
Sharpe Ratio,1.1046512177153347,0.9263475779371041
Sortino Ratio,1.410205403404966,1.1602466226755066
Max Drawdown,-0.30003557639296524,-0.29969404167833263
Correlation,0.9386513760373454,0.9386513760373454
Tracking Error,0.07400608819307075,0.07400608819307075
Information Ratio,0.43582404600325136,0.43582404600325136
