metric,Portfolio,SPY
CAGR,0.2554920122955324,0.2165441679369846
Ann. Volatility,0.21262922426771966,0.20957318022546076
Sharpe Ratio,1.1046513174216102,0.9263476458876057
Sortino Ratio,1.410205848241953,1.1602462703651197
Max Drawdown,-0.3000354932868374,-0.29969395437801527
Correlation,0.9386513397361451,0.9386513397361451
Tracking Error,0.0740060920886358,0.0740060920886358
Information Ratio,0.4358237932492946,0.4358237932492946
