metric,Portfolio,SPY
CAGR,0.5671122513129851,0.273909454202224
Ann. Volatility,0.18873067600225762,0.16752070934841534
Sharpe Ratio,2.9170658419063487,1.4566540856742567
Sortino Ratio,3.75057175745448,1.803477036657132
Max Drawdown,-0.07661348166251275,-0.19559576535468598
Correlation,0.20839703883273752,0.20839703883273752
Tracking Error,0.2247331103651136,0.2247331103651136
Information Ratio,0.9473230319970867,0.9473230319970867
