metric,Portfolio,SPY
CAGR,0.2554920204577604,0.2165441679369846
Ann. Volatility,0.21262922890828817,0.20957318283188328
Sharpe Ratio,1.1046513356763807,0.9263476290966772
Sortino Ratio,1.4102059824404036,1.160247113961994
Max Drawdown,-0.3000356912767963,-0.29969423205748513
Correlation,0.9386512670205664,0.9386512670205664
Tracking Error,0.074006137222564,0.074006137222564
Information Ratio,0.4358236342833841,0.4358236342833841
