n_paths,n_days,initial_value,mean_return,median_return,std_return,mean_terminal,worst_terminal,best_terminal,prob_loss,prob_gt_10pct,mean_max_dd,worst_max_dd,cvar_5pct
1000,252,1000000.0,0.02732914532362981,0.026356016729735643,0.032315275209738696,1027329.1453236298,941447.0957817471,1142103.423728747,0.214,0.019,-0.03123688494195771,-0.07365911113173423,-0.030163345374838085
