n_paths,n_days,initial_value,mean_return,median_return,std_return,mean_terminal,worst_terminal,best_terminal,prob_loss,prob_gt_10pct,mean_max_dd,worst_max_dd,cvar_5pct
1000,252,1000000.0,0.2568279741166867,0.24358819759757377,0.2300420646977159,1256827.9741166867,609134.7886791462,2155504.0637843115,0.12,0.767,-0.1415218405899528,-0.5614574860961041,-0.19131083678402144
