n_paths,n_days,initial_value,mean_return,median_return,std_return,mean_terminal,worst_terminal,best_terminal,prob_loss,prob_gt_10pct,mean_max_dd,worst_max_dd,cvar_5pct
1000,252,1000000.0,0.2568279873703873,0.2435883209336549,0.23004206262137086,1256827.9873703877,609134.7085156186,2155504.2264651707,0.12,0.767,-0.14152182446516798,-0.561457456931507,-0.19131086545935427
