n_paths,n_days,initial_value,mean_return,median_return,std_return,mean_terminal,worst_terminal,best_terminal,prob_loss,prob_gt_10pct,mean_max_dd,worst_max_dd,cvar_5pct
1000,252,1000000.0,0.22674801351343057,0.22904940452235611,0.11521479292918213,1226748.0135134305,860872.6545831434,1605854.7103762885,0.026,0.868,-0.07321764480678859,-0.21928729554098447,-0.012907098085254807
