{
  "kappa_unperturbed": 0.052704627669472995,
  "kappa_competitive_bound": 3.531210053854691,
  "adversarial_premium": 3.478505426185218,
  "tau_star": 0.15811388300841894,
  "adversarial_pressure": 3.478505426185218,
  "sequential_stress_index": 67.00000000000001
}