momentum_window,cagr,sharpe,sortino,volatility,max_drawdown,n_rebalances
60,0.19375030801847148,0.8801864782997942,1.0756060559596636,0.17831698512132527,-0.32513568191132336,27
90,0.1975127547416835,0.9019857019703941,1.1006885416266265,0.17803699224929317,-0.32402348504652356,27
120,0.19621889642217094,0.8984256935343943,1.0956223072209297,0.17710302466579153,-0.3284519672793923,27
180,0.20219251652994408,0.9351032082165065,1.1380316896397429,0.17623393291336725,-0.33023318556398995,27
252,0.19954169946634592,0.9221729129314887,1.1209721632447736,0.1757767896048215,-0.32979730252124245,27
