momentum_window,cagr,sharpe,sortino,volatility,max_drawdown,n_rebalances
60,0.0795220733849471,0.35978714931806743,0.4507775482217174,0.08532669380720716,-0.11525845020820413,9
90,0.08903081548305103,0.4744025321665204,0.5919541044784744,0.08381215990828035,-0.11128555262260427,9
120,0.10541632851211236,0.6545565193656433,0.8216353500545867,0.0851421371244215,-0.11024850383564891,9
180,0.10536545154964783,0.665195725038842,0.8328896463686167,0.08347345407983306,-0.12042477610291255,9
252,0.11003252886417192,0.7168152773997565,0.8896694026716705,0.08379743785238253,-0.11866556989337149,9
