momentum_window,cagr,sharpe,sortino,volatility,max_drawdown,n_rebalances
60,0.1937502408155951,0.8801861528145197,1.0756059167976764,0.1783169738879646,-0.3251356377686186,27
90,0.19751271744496224,0.9019855014797615,1.1006885102582444,0.17803699164149395,-0.3240234212714057,27
120,0.1962188956794939,0.8984257381429142,1.09562275143071,0.17710301276437626,-0.3284519226099612,27
180,0.2021925705492107,0.935103562418504,1.1380324914577251,0.17623392062243518,-0.3302331282438604,27
252,0.19954175152269804,0.9221732717768186,1.120973009043306,0.17577677346701223,-0.32979723035742026,27
