metric,value
cagr,0.25549203946079824
annualized_return,0.27521001466801764
annualized_volatility,0.20960727081217542
sharpe_ratio,1.0744379896526755
sortino_ratio,1.357979036016228
max_drawdown,-0.30003557639296524
calmar_ratio,0.851539149231333
skewness,-0.12537604556000273
kurtosis,14.35700079721645
