metric,value
cagr,0.2554920204577604
annualized_return,0.27520998041893163
annualized_volatility,0.20960721572655175
sharpe_ratio,1.0744381086228199
sortino_ratio,1.3579795699072996
max_drawdown,-0.3000356912767963
calmar_ratio,0.8515387598406006
skewness,-0.12537301576804896
kurtosis,14.357005506998952
