metric,value
cagr,0.2554920102886584
annualized_return,0.275209966191055
annualized_volatility,0.20960719904937855
sharpe_ratio,1.0744381262305824
sortino_ratio,1.3579788622981062
max_drawdown,-0.3000356235103066
calmar_ratio,0.8515389182774223
skewness,-0.1253743987086277
kurtosis,14.356982054560248
