metric,value
cagr,0.2554920122955324
annualized_return,0.275209971635086
annualized_volatility,0.20960721074741961
sharpe_ratio,1.0744380922394314
sortino_ratio,1.3579794590960816
max_drawdown,-0.3000354932868374
calmar_ratio,0.8515392945569914
skewness,-0.125375735600306
kurtosis,14.356978164389961
