metric,value
cagr,0.25549202007068383
annualized_return,0.2752099865488755
annualized_volatility,0.20960723909082443
sharpe_ratio,1.074438018103422
sortino_ratio,1.357979060440412
max_drawdown,-0.3000355187416156
calmar_ratio,0.8515392482271683
skewness,-0.1253742215455479
kurtosis,14.3569890239291
