metric,value
cagr,0.26233345299419786
annualized_return,0.2545849644652938
annualized_volatility,0.1245316804961118
sharpe_ratio,1.642834687930526
sortino_ratio,1.6703697429402236
max_drawdown,-0.053101695289844084
calmar_ratio,4.940208623515834
skewness,-1.2101952868545118
kurtosis,19.3949880111726
