metric,value
cagr,0.004844983459082242
annualized_return,0.008558301732613849
annualized_volatility,0.08706772470118612
sharpe_ratio,-0.47597084234844594
sortino_ratio,-1.204819916815757
max_drawdown,-0.020448188149859558
calmar_ratio,0.23693949916611648
skewness,0.2983129016876959
kurtosis,-0.7058196121553739
