metric,value
cagr,0.46212153421926394
annualized_return,0.45499775191912817
annualized_volatility,0.1688443222778953
sharpe_ratio,2.3986459624775285
sortino_ratio,2.8675244947455254
max_drawdown,-0.07661348166251275
calmar_ratio,6.031856589613544
skewness,-0.6514340574335635
kurtosis,3.75972545651907
