metric,value
cagr,0.255492013510789
annualized_return,0.2752099671661745
annualized_volatility,0.2096071901880428
sharpe_ratio,1.0744381763055655
sortino_ratio,1.3579797710780446
max_drawdown,-0.3000356918325765
calmar_ratio,0.8515387351094101
skewness,-0.12537492264309139
kurtosis,14.356995415902272
