regime,n_days,pct_of_total,cagr,volatility,sharpe,max_drawdown,avg_daily_return,win_rate
bull,847,50.0,0.1962188956794939,0.11893837010611484,1.229900214723283,-0.1570087999177034,0.0007114382179917464,0.5449172576832151
sideways,412,24.321133412042503,0.2011754822678904,0.1550827306179637,0.9593869574301692,-0.1481192218479118,0.0007197350790654973,0.5436893203883495
high_vol,272,16.05667060212515,0.19475460896606456,0.1890390724358691,5.726913615550178,-0.16557853844075646,0.0030098649677829576,0.6213235294117647
bear,163,9.622195985832349,0.21676084370832038,0.35751862494557196,-1.523487465301203,-0.1982145585665586,-0.002704881929953551,0.4662576687116564
