regime,n_days,pct_of_total,cagr,volatility,sharpe,max_drawdown,avg_daily_return,win_rate
bull,847,50.0,0.19621889642217094,0.11893832501469037,1.2299020612022522,-0.1570087754681577,0.0007114387629204733,0.5449172576832151
sideways,412,24.321133412042503,0.20117549271062307,0.1550828737132888,0.9593823117427073,-0.14811914126640835,0.0007197331472054896,0.5436893203883495
high_vol,272,16.05667060212515,0.19475464693163325,0.1890390364212967,5.726920024000561,-0.1655786494243953,0.003009866843828372,0.6213235294117647
bear,163,9.622195985832349,0.21676087825185997,0.3575186316980928,-1.5234877867546528,-0.1982145751762689,-0.0027048829105761722,0.4662576687116564
