regime,n_days,pct_of_total,cagr,volatility,sharpe,max_drawdown,avg_daily_return,win_rate
bull,60,50.42016806722689,0.03900485555256328,0.03485178031521526,-1.7377071238642119,-0.016639627011945237,-4.213547235233002e-05,0.06666666666666667
high_vol,30,25.210084033613445,0.1731732545848319,0.08876646692127685,4.2863539870570255,-0.026051561235878443,0.0014216969465749092,0.6666666666666666
sideways,29,24.369747899159663,-0.020894300638038987,0.08040574565911868,-1.251856958176503,-0.026867784744884052,-0.0002062667307174217,0.35714285714285715
