horizon,ic_mean,ic_std,ic_ir,hit_rate,avg_spread,n_observations
5,-0.002071921034992319,0.6011237324743841,-0.003446746356966717,0.47796399751707014,-0.00025027445798819596,1611
10,-0.011995585967663357,0.5969902679754155,-0.020093436377688727,0.47447073474470736,-1.2218446261612337e-05,1606
20,0.01601298618877723,0.5749972722363139,0.02784880374562224,0.48370927318295737,-0.0034911425493295047,1596
40,-0.047048969608815945,0.5776310275923752,-0.08145159688689306,0.4404309252217998,-0.01638369595443307,1578
60,-0.1240746988659613,0.5698230285871129,-0.21774251415146717,0.3707504810776139,-0.03234045575402382,1559
