horizon,ic_mean,ic_std,ic_ir,hit_rate,avg_spread,n_observations
5,-0.05372865635709649,0.612918504469412,-0.08766035935496519,0.5166666666666667,0.0028768724973630808,120
10,-0.08752056000971035,0.6092567620691898,-0.14365135597751666,0.48695652173913045,0.007297410431757249,115
20,-0.2681280104301844,0.5459656476508873,-0.4911078409124312,0.38095238095238093,0.010155215049522978,105
40,-0.18140656580340975,0.4951556197143403,-0.3663627324033297,0.49411764705882355,0.010470745104982138,85
60,-0.2254307826757223,0.46161205027136903,-0.4883554979624075,0.4090909090909091,0.008519672762205931,66
