horizon,ic_mean,ic_std,ic_ir,hit_rate,avg_spread,n_observations
5,0.1146952732420863,0.1868505069739295,0.6138344235699038,0.7241379310344828,-0.0002778871364094169,29
10,0.18676726050276016,0.17620961945737554,1.0599152366249702,0.8333333333333334,0.007444938008265773,24
20,0.1994074519383538,0.10376974141136458,1.9216338908262447,1.0,0.012223442281619663,14
