scenario,description,baseline_cagr,stressed_cagr,cagr_impact,baseline_sharpe,stressed_sharpe,sharpe_impact,baseline_max_dd,stressed_max_dd,dd_impact,stressed_vol
covid_crash,"Rapid drawdown (COVID-style, ~35% drop)",0.1962188956794939,0.08090575761667806,-0.11531313806281585,0.8984257381429142,0.2537869217369515,-0.6446388164059627,-0.3284519226099612,-0.4770099280220961,-0.14855800541213487,0.19363135019829703
inr_depreciation,FX shock — INR depreciates 10% over 2 months,0.1962188956794939,0.17436154580496543,-0.021857349874528476,0.8984257381429142,0.778141693544317,-0.1202840445985972,-0.3284519226099612,-0.32849068623451966,-3.876362455845772e-05,0.1767940561152668
tech_collapse,Sector rotation — tech-heavy assets drop 25%,0.1962188956794939,0.10612420397839095,-0.09009469170110296,0.8984257381429142,0.3943297189973856,-0.5040960191455286,-0.3284519226099612,-0.3822021120103026,-0.053750189400341375,0.18060896593908157
liquidity_crunch,"Spread widening, slippage 5x normal",0.1962188956794939,0.17760560590206187,-0.01861328977743204,0.8984257381429142,0.7937973270482546,-0.10462841109465959,-0.3284519226099612,-0.3286070321692056,-0.00015510955924441516,0.17751624944424008
