scenario,description,baseline_cagr,stressed_cagr,cagr_impact,baseline_sharpe,stressed_sharpe,sharpe_impact,baseline_max_dd,stressed_max_dd,dd_impact,stressed_vol
covid_crash,"Rapid drawdown (COVID-style, ~35% drop)",0.10541632851211236,-0.2755385194209714,-0.38095484793308376,0.6545565193656433,-2.0405976009040656,-2.695154120269709,-0.11024850383564891,-0.5792745120229076,-0.4690260081872587,0.15147522786636367
inr_depreciation,FX shock — INR depreciates 10% over 2 months,0.10541632851211236,0.06011352202611575,-0.045302806485996605,0.6545565193656433,0.13951009341020146,-0.5150464259554418,-0.11024850383564891,-0.11262072119000394,-0.0023722173543550273,0.08543018674861598
tech_collapse,Sector rotation — tech-heavy assets drop 25%,0.10541632851211236,-0.1386109394754148,-0.24402726798752716,0.6545565193656433,-1.6885084345038768,-2.3430649538695203,-0.11024850383564891,-0.40927927339503856,-0.2990307695593897,0.10625301054044446
liquidity_crunch,"Spread widening, slippage 5x normal",0.10541632851211236,0.05519637004465139,-0.05021995846746097,0.6545565193656433,0.08389583941472142,-0.5706606799509218,-0.11024850383564891,-0.11519536068172233,-0.004946856846073419,0.08688029969698409
