scenario,description,baseline_cagr,stressed_cagr,cagr_impact,baseline_sharpe,stressed_sharpe,sharpe_impact,baseline_max_dd,stressed_max_dd,dd_impact,stressed_vol
covid_crash,"Rapid drawdown (COVID-style, ~35% drop)",0.19621889642217094,0.10620253299507909,-0.09001636342709185,0.8984256935343943,0.38650424485954465,-0.5119214486748496,-0.3284519672793923,-0.44155027287969134,-0.11309830560029904,0.1892991894454378
inr_depreciation,FX shock — INR depreciates 10% over 2 months,0.19621889642217094,0.17395580200887784,-0.022263094413293105,0.8984256935343943,0.7758701681737773,-0.12255552536061698,-0.3284519672793923,-0.3284907312060281,-3.8763926635820845e-05,0.17679899271383487
tech_collapse,Sector rotation — tech-heavy assets drop 25%,0.19621889642217094,0.10929106245106346,-0.08692783397110748,0.8984256935343943,0.4116616936758938,-0.4867639998585005,-0.3284519672793923,-0.37056063231173786,-0.04210866503234556,0.18056135007170485
liquidity_crunch,"Spread widening, slippage 5x normal",0.19621889642217094,0.1766433812999484,-0.019575515122222553,0.8984256935343943,0.7884212116007145,-0.11000448193367973,-0.3284519672793923,-0.3286070780482322,-0.0001551107688398945,0.1775310060609697
